id,title,slug,description,featured_image,status,created_at,updated_at,category_id,content_blocks
466531ef-7300-4c5a-97a7-3e36e726b73f,Die teuersten Akne-Behandlungsgeräte 2026 – Sind sie ihren Preis wirklich wert?,Die-teuersten-Akne-Behandlungsgerate,"Welche teuren Akne-Behandlungsgerate lohnen sich 2026 wirklich? Wir vergleichen High-End Geräte, erklären Risiken, Nutzen & Preis-Leistung – ehrlich &",https://res.cloudinary.com/dc0ax30om/image/upload/v1769417570/ChatGPT_Image_Jan_26_2026_09_52_13_AM_hemmrt.png,published,2026-01-24 04:45:10+00,2026-01-23 04:45:21+00,,"<style>


/* --- Quick Verdict Styling --- */
.quick-verdict-card {
  background: linear-gradient(145deg, #fffdfa 0%, var(--brand-pure) 100%);
  border: 1px solid var(--cream);
  border-radius: var(--radius-xl2);
  padding: 2rem;
  box-shadow: 0 10px 30px rgba(149, 142, 9, 0.08);
  margin: 2rem 0;
}

.card-header {
  display: flex;
  align-items: center;
  gap: 1rem;
  margin-bottom: 1.5rem;
}

.icon-badge {
  font-size: 1.5rem;
  background: var(--cream);
  padding: 0.5rem;
  border-radius: 50%;
}

.verdict-list {
  list-style: none;
  padding: 0;
}

.verdict-list li {
  margin-bottom: 1rem;
  padding-left: 1.5rem;
  position: relative;
}

.verdict-list li::before {
  content: ""•"";
  color: var(--gold);
  font-weight: bold;
  position: absolute;
  left: 0;
}

/* --- TABLE FIXES (The ""Big Table"" Cure) --- */
.comparison-table-wrapper {
  width: 100%;
  overflow-x: auto; /* This allows scrolling */
  border-radius: var(--radius-xl2);
  border: 1px solid #eee;
  box-shadow: 0 4px 12px rgba(0,0,0,0.03);
  -webkit-overflow-scrolling: touch;
}

.brand-table {
  width: 100%;
  border-collapse: collapse;
  min-width: 850px; /* Forces enough space for columns to look good */
  background: white;
}

.brand-table th {
  background-color: #fdfaf5;
  color: var(--gold);
  text-align: left;
  padding: 1.25rem 1rem;
  font-size: 0.85rem;
  text-transform: uppercase;
  letter-spacing: 0.05em;
  border-bottom: 2px solid var(--cream);
}

.brand-table td {
  padding: 1.25rem 1rem;
  border-bottom: 1px solid #f9f9f9;
  vertical-align: middle;
}

.product-name a {
  color: var(--gold);
  font-weight: 700;
  text-decoration: none;
}

.price-tag {
  font-family: monospace;
  font-weight: 600;
  background: #fdfcf0;
  padding: 4px 8px;
  border-radius: 6px;
}

/* Status Badges for Risks */
.risk-high { color: #b91c1c; font-weight: 700; }
.risk-med { color: #d97706; font-weight: 700; }
.risk-low { color: #059669; font-weight: 700; }
</style>

<!-- HERO -->


<!-- MAIN CONTENT -->
<div class=""container"">

  <!-- DISCLAIMER -->
  <div class=""disclaimer"">
    <h3>⚠️ Wichtiger Hinweis vorab</h3>
    <ul>
      <li><strong>Dies ist keine medizinische Beratung.</strong> Bei schwerer Akne, tiefen Narben oder entzündlichen Hautproblemen solltest du unbedingt einen Dermatologen konsultieren.</li>
      <li>Hochenergetische Geräte (CO₂-Laser, RF-Microneedling) können Risiken bergen und erfordern oft professionelle Schulung oder Anwendung.</li>
      <li>Keines dieser Geräte „heilt"" Akne. Sie können das Erscheinungsbild unterstützen, aber hormonelle oder bakterielle Ursachen brauchen oft medizinische Behandlung.</li>
      <li>Hygiene und Patch-Tests sind bei allen Geräten Pflicht. Unsachgemäße Anwendung kann Narben verschlimmern.</li>
      <li>Wir haben die Geräte anhand verfügbarer Produktinformationen bewertet. Keine verlässlichen Kundenbewertungen waren zum Zeitpunkt der Recherche sichtbar.</li>
    </ul>
  </div>

 
    </div>
  </div><!-- /vergleichstabelle -->

  <!-- ======  DEVICE 1  ====== -->
  <div class=""section"" id=""geraet1"">
    <div class=""product-card"">
      <span class=""badge badge-pro"">Profi-Level</span>
      <div class=""product-header"">
        <div class=""product-image"">
          <img alt=""CO₂ Hochfrequenzgerät"" src=""https://m.media-amazon.com/images/I/81XzFKrSxAL._SL1500_.jpg"" />
        </div>
        <div class=""quick-verdict-card"">
  <div class=""card-header"">
    <span class=""icon-badge"">✨</span>
    <h2>Schnelles Fazit: Lohnt sich die Investition?</h2>
  </div>
  <ul class=""verdict-list"">
    <li><strong>Zielgruppe:</strong> Teure Geräte richten sich primär an Kosmetikstudios, Salons oder ambitionierte Heimanwender mit Budget.</li>
    <li><strong>Effektivität:</strong> CO₂-Laser und RF-Microneedling können Aknenarben verbessern – bei korrekter Anwendung.</li>
    <li><strong>Risiko-Hinweis:</strong> Keines der Geräte hat verifizierte Nutzerbewertungen; Vorsicht ist geboten.</li>
    <li><strong>Alternativen:</strong> Für leichte Akne gibt es deutlich günstigere Optionen (LED, Retinol).</li>
    <li><strong>Sicherheit:</strong> Die professionelle Anwendung beim Dermatologen bleibt die sicherste Wahl.</li>
  </ul>
</div>
 <div class=""comparison-table-wrapper"">
    <table class=""brand-table"">
      <thead>
        <tr>
          <th>Gerät</th>
          <th>Preis</th>
          <th>Technologie</th>
          <th>Fokus</th>
          <th>Risiko</th>
          <th>Kurzfazit</th>
        </tr>
      </thead>
      <tbody>
        <tr>
          <td class=""product-name""><a href=""https://amzn.to/3Nwzikb"" target=""_blank"">CO₂ Hochfrequenz</a></td>
          <td class=""price-tag"">2.992€</td>
          <td>CO₂-Laser</td>
          <td>Aknenarben, Falten</td>
          <td><span class=""risk-high"">Hoch</span></td>
          <td>Höchste Anforderungen</td>
        </tr>
        <tr>
          <td class=""product-name""><a href=""https://amzn.to/45w0plu"" target=""_blank"">BCBKD RF-Mikronadel</a></td>
          <td class=""price-tag"">1.652€</td>
          <td>RF Microneedling</td>
          <td>Narben, Straffung</td>
          <td><span class=""risk-med"">Mittel-hoch</span></td>
          <td>Solide Mittelklasse</td>
        </tr>
        <tr>
          <td class=""product-name""><a href=""https://amzn.to/4r5EYA2"" target=""_blank"">RF Microneedle Lifting</a></td>
          <td class=""price-tag"">1.213€</td>
          <td>RF Microneedling</td>
          <td>Hauterneuerung</td>
          <td><span class=""risk-med"">Mittel-hoch</span></td>
          <td>Vielseitig, riskant</td>
        </tr>
        <tr>
          <td class=""product-name""><a href=""https://amzn.to/4qFyTua"" target=""_blank"">Hydrodermabrasion</a></td>
          <td class=""price-tag"">870€</td>
          <td>Vakuum/Ultraschall</td>
          <td>Reinigung</td>
          <td><span class=""risk-low"">Niedrig</span></td>
          <td>Sanfteste Option</td>
        </tr>
        <tr>
          <td class=""product-name""><a href=""https://amzn.to/4k2ZLSu"" target=""_blank"">RF-Nadel Akne-System</a></td>
          <td class=""price-tag"">515€</td>
          <td>RF isolierte Nadel</td>
          <td>Aktive Akne</td>
          <td><span class=""risk-med"">Mittel</span></td>
          <td>Günstigste Profi-Wahl</td>
        </tr>
      </tbody>
    </table>
  </div>

<div class=""section"" id=""vergleichstabelle"">
  <div class=""section-header"">
    <h2>Vergleichstabelle: Alle 5 Geräte auf einen Blick</h2>
    <p>Wischen Sie nach links, um alle Details zu sehen.</p>
  </div>
</div>
        <div class=""product-info"">
          <h3 class=""product-title"">CO₂ Hochfrequenzgerät zur Aknenarben-Entfernung</h3>
          <div class=""product-price"">2.992,00 €</div>
          <p class=""product-tech""><strong>Technologie:</strong> CO₂-Laser mit fraktionierten Mikrokanälen</p>
          <p class=""product-tech""><strong>Best for:</strong> Tiefe Aknenarben, professionelle Anwendung in Studios</p>
          <p class=""product-tech""><strong>Nicht ideal für:</strong> Heimanwender ohne Schulung, aktive entzündliche Akne</p>
        </div>
      </div>

      <div class=""key-features"">
        <h4>Zentrale Features</h4>
        <ul>
          <li>Fraktionierte CO₂-Laser-Technologie für tiefe Hauterneuerung</li>
          <li>Stimuliert Kollagenproduktion durch kontrollierte Mikroverletzungen</li>
          <li>Mehrere Behandlungsmodi (Epidermis, Dermis, subkutane Schicht)</li>
          <li>Intime Straffungsfunktion zusätzlich verfügbar</li>
          <li>Produktbeschreibung erwähnt Narkose-Bedarf (15 Min. vor Behandlung)</li>
          <li>Behandlungsintervalle: mindestens 2 Wochen zwischen Sessions</li>
        </ul>
      </div>

      <div class=""pros-cons"">
        <div class=""pros"">
          <h4>Vorteile</h4>
          <ul>
            <li>CO₂-Laser gilt als Goldstandard bei tiefen Narben</li>
            <li>Kann dramatische Verbesserungen erzielen (laut Hersteller)</li>
            <li>Vielseitig: Narben, Falten, Pigmentierung</li>
            <li>Für verschiedene Hauttypen geeignet (laut Beschreibung)</li>
          </ul>
        </div>
        <div class=""cons"">
          <h4>Nachteile</h4>
          <ul>
            <li>Extrem hoher Preis (2.992€)</li>
            <li>Narkose wird erwähnt – deutet auf Schmerzen hin</li>
            <li>Keine verifizierten Kundenbewertungen</li>
            <li>Benötigt Einwegnadeln (laufende Kosten)</li>
            <li>Ausfallzeit von ca. 4 Tagen</li>
            <li>Professionelle Schulung dringend empfohlen</li>
          </ul>
        </div>
      </div>

      <div class=""safety-box"">
        <h4>Sicherheit &amp; Realitäts-Check</h4>
        <p><strong>Achtung:</strong> CO₂-Laser sind keine Spielzeuge. Die Erwähnung von Narkose im Produkttext ist ein klares Signal, dass hier echte Energie auf die Haut trifft. Falsche Anwendung kann Verbrennungen, Hyperpigmentierung oder verschlimmerte Narben verursachen.</p>
        <p>Ohne professionelle Schulung würde ich von diesem Gerät abraten – egal wie verlockend die Ergebnisse klingen. Für Kosmetikstudios mit entsprechender Ausbildung kann es ein lohnendes Investment sein, aber nur, wenn genug Kundschaft da ist, um die Kosten zu decken.</p>
      </div>

      <div class=""verdict-box"">
        <h4>Preis-Leistungs-Urteil</h4>
        <p><strong>Für Studios:</strong> Kann sich lohnen, wenn du bereits Erfahrung mit Laser-Treatments hast und eine zahlungskräftige Klientel betreust. Die Behandlungspreise liegen normalerweise bei 300–800€ pro Session – nach 5–10 Kunden könnte das Gerät abbezahlt sein.</p>
        <p><strong>Für zuhause:</strong> Absolut nicht zu empfehlen. Zu riskant, zu teuer, zu komplex.</p>
      </div>

      <a class=""btn"" href=""#"">Preis prüfen</a>
    </div>
  </div><!-- /geraet1 -->

  <!-- ======  DEVICE 2  ====== -->
  <div class=""section"" id=""geraet2"">
    <div class=""product-card"">
      <span class=""badge badge-studio"">Studio-Fokus</span>
      <div class=""product-header"">
        <div clas..."